﻿{"article":{"DescTEXT":"","ContentTEXT":"Các Điều khoản dịch vụ này phản ánh cách thức kinh doanh của Google, những điều luật mà công ty chúng tôi phải tuân theo và một số điều mà chúng tôi vẫn luôn tin là đúng. Do đó, các Điều khoản dịch vụ này giúp xác định mối quan hệ giữa Google với bạn khi bạn tương tác với các dịch vụ của chúng tôi. Ví dụ: Các điều khoản này trình bày các chủ đề sau:\r\n\r\n- Trách nhiệm của chúng tôi: Đây là phần mô tả cách chúng tôi cung cấp và phát triển các dịch vụ của mình\r\n- Trách nhiệm của bạn: Phần này nêu ra một số quy tắc mà bạn phải tuân theo khi sử dụng các dịch vụ của chúng tôi\r\n- Nội dung trong các dịch vụ của Google: Phần này mô tả quyền sở hữu trí tuệ đối với nội dung mà bạn thấy trong các dịch vụ của chúng tôi, bất kể nội dung đó thuộc về bạn, Google hay người khác\r\n- Trong trường hợp xảy ra vấn đề hoặc bất đồng: Phần này mô tả các quyền hợp pháp khác mà bạn có và những điều bạn nên biết trong trường hợp có người vi phạm các điều khoản này\r\n","PhotoList":[],"PhotoEx":[],"onImg":true,"CateList":null,"CateTitle":"Điều khoản sử dụng","CateTitle2":"Điều khoản sử dụng","CateLink":"","CateID":"11295","CateID2":11295,"Thumbnail_web":"/Upload/image/null.gif","Date_web":"(15/05/2024)","LinktoMe":"/dieu-khoan-su-dung/dieu-khoan-su-dung-1557.aspx","ToMe":"/dieu-khoan-su-dung-1557.aspx","ToMeOnly":"/dieu-khoan-su-dung.aspx","ID":1557,"Title":"Điều khoản sử dụng","Desc":"","Content":"<p style=\"text-align: justify;\">C&aacute;c Điều khoản dịch vụ n&agrave;y phản &aacute;nh c&aacute;ch thức kinh doanh của Google, những điều luật m&agrave; c&ocirc;ng ty ch&uacute;ng t&ocirc;i phải tu&acirc;n theo v&agrave; một số điều m&agrave; ch&uacute;ng t&ocirc;i vẫn lu&ocirc;n tin l&agrave; đ&uacute;ng. Do đ&oacute;, c&aacute;c Điều khoản dịch vụ n&agrave;y gi&uacute;p x&aacute;c định mối quan hệ giữa Google với bạn khi bạn tương t&aacute;c với c&aacute;c dịch vụ của ch&uacute;ng t&ocirc;i. V&iacute; dụ: C&aacute;c điều khoản n&agrave;y tr&igrave;nh b&agrave;y c&aacute;c chủ đề sau:</p>\r\n\r\n<p style=\"text-align: justify;\">- Tr&aacute;ch nhiệm của ch&uacute;ng t&ocirc;i: Đ&acirc;y l&agrave; phần m&ocirc; tả c&aacute;ch ch&uacute;ng t&ocirc;i cung cấp v&agrave; ph&aacute;t triển c&aacute;c dịch vụ của m&igrave;nh<br />\r\n- Tr&aacute;ch nhiệm của bạn: Phần n&agrave;y n&ecirc;u ra một số quy tắc m&agrave; bạn phải tu&acirc;n theo khi sử dụng c&aacute;c dịch vụ của ch&uacute;ng t&ocirc;i<br />\r\n- Nội dung trong c&aacute;c dịch vụ của Google: Phần n&agrave;y m&ocirc; tả quyền sở hữu tr&iacute; tuệ đối với nội dung m&agrave; bạn thấy trong c&aacute;c dịch vụ của ch&uacute;ng t&ocirc;i, bất kể nội dung đ&oacute; thuộc về bạn, Google hay người kh&aacute;c<br />\r\n- Trong trường hợp xảy ra vấn đề hoặc bất đồng: Phần n&agrave;y m&ocirc; tả c&aacute;c quyền hợp ph&aacute;p kh&aacute;c m&agrave; bạn c&oacute; v&agrave; những điều bạn n&ecirc;n biết trong trường hợp c&oacute; người vi phạm c&aacute;c điều khoản n&agrave;y</p>\r\n","Author":"","Source":"","Thumbnail":"null.gif","CreateDate":"2024-05-15T08:40:00","LastModifyDate":"2024-05-15T08:40:30","Keyword":"","Channels":"11295","View":0,"Status":"0,1","Order":0,"TitleSEO":"","DescSEO":"","KeySEO":"","LinkSEO":"","FriendStr":"dieu-khoan-su-dung","IsPublic":1,"Rel":"","Price":0}}