﻿{"article":{"DescTEXT":"Đi triệt lông để đón hè thôi nàng ơi 😍. CN triệt lông Laser diode đầu lạnh nhà HH cam kết ko nóng, ko đau, ko rát xíu nào nha, xịn xò lắm lun. #triệt_lông #HongHanhbeauty #diode #\r\n","ContentTEXT":"Đi triệt lông để đón hè thôi nàng ơi . CN triệt lông Laser diode đầu lạnh nhà HH cam kết ko nóng, ko đau, ko rát xíu nào nha, xịn xò lắm lun. #triệt_lông #HongHanhbeauty #diode #\r\n","PhotoList":["2024/04/26/ads_2024-04-26-112344_260424-112344.png","2024/04/26/1_2024-04-26-112600_260424-112601.png","2024/04/26/3_2024-04-26-112600_260424-112601.png","2024/04/26/2_2024-04-26-112600_260424-112601.png","2024/04/26/4_2024-04-26-112600_260424-112601.png"],"PhotoEx":[{"ID":1888,"Table":"a","RowID":1521,"Title":"","Value":"2024/04/26/1_2024-04-26-112600_260424-112601.png","TypeValue":"image","BeginDate":null,"EndDate":null,"Rel":"","Order":1,"Link":"","Desc":""},{"ID":1889,"Table":"a","RowID":1521,"Title":"","Value":"2024/04/26/3_2024-04-26-112600_260424-112601.png","TypeValue":"image","BeginDate":null,"EndDate":null,"Rel":"","Order":1,"Link":"","Desc":""},{"ID":1890,"Table":"a","RowID":1521,"Title":"","Value":"2024/04/26/2_2024-04-26-112600_260424-112601.png","TypeValue":"image","BeginDate":null,"EndDate":null,"Rel":"","Order":1,"Link":"","Desc":""},{"ID":1891,"Table":"a","RowID":1521,"Title":"","Value":"2024/04/26/4_2024-04-26-112600_260424-112601.png","TypeValue":"image","BeginDate":null,"EndDate":null,"Rel":"","Order":1,"Link":"","Desc":""}],"onImg":true,"CateList":null,"CateTitle":"Ưu đãi - Flashsale","CateTitle2":"Ưu đãi - Flashsale","CateLink":"","CateID":"11278","CateID2":11278,"Thumbnail_web":"/Upload/image/2024/04/26/ads_2024-04-26-112344_260424-112344.png","Date_web":"(26/04/2024)","LinktoMe":"/uu-dai-flashsale/ads-1521.aspx","ToMe":"/ads-1521.aspx","ToMeOnly":"/ads.aspx","ID":1521,"Title":"Ads","Desc":"<p>Đi triệt l&ocirc;ng để đ&oacute;n h&egrave; th&ocirc;i n&agrave;ng ơi 😍. CN triệt l&ocirc;ng Laser diode đầu lạnh nh&agrave; HH cam kết ko n&oacute;ng, ko đau, ko r&aacute;t x&iacute;u n&agrave;o nha, xịn x&ograve; lắm lun. #triệt_l&ocirc;ng #HongHanhbeauty #diode #</p>\r\n","Content":"<p><span style=\"color:rgb(5, 5, 5); font-size:15px\">Đi triệt l&ocirc;ng để đ&oacute;n h&egrave; th&ocirc;i n&agrave;ng ơi </span><span style=\"color:rgb(5, 5, 5); font-size:15px\"><img alt=\"😍\" class=\"xz74otr\" src=\"https://static.xx.fbcdn.net/images/emoji.php/v9/t2/1/16/1f60d.png\" style=\"border:0px; height:16px; object-fit:fill; width:16px\" /></span><span style=\"color:rgb(5, 5, 5); font-size:15px\">. CN triệt l&ocirc;ng Laser diode đầu lạnh nh&agrave; HH cam kết ko n&oacute;ng, ko đau, ko r&aacute;t x&iacute;u n&agrave;o nha, xịn x&ograve; lắm lun. </span><span style=\"color:rgb(5, 5, 5); font-size:15px\"><a class=\"x1i10hfl xjbqb8w x1ejq31n xd10rxx x1sy0etr x17r0tee x972fbf xcfux6l x1qhh985 xm0m39n x9f619 x1ypdohk xt0psk2 xe8uvvx xdj266r x11i5rnm xat24cr x1mh8g0r xexx8yu x4uap5 x18d9i69 xkhd6sd x16tdsg8 x1hl2dhg xggy1nq x1a2a7pz xt0b8zv x1fey0fg xo1l8bm\" href=\"https://www.facebook.com/hashtag/tri%E1%BB%87t_l%C3%B4ng?__eep__=6&amp;__cft__[0]=AZVv2NcsF10NCqQSVn8BgRKmBUAWH7gZ6LP57IoNnxWMQaUK53uKIzzP5tBHW3dmiZJ-QzHf4zeDiMnhZv24VTM9Pcom9rBdNNQsMyc0-8aenYZBdfdTGLpoFg3SuF3N_akx_Z1f8NjU5-w1_fUUJCWVjseshhnA63obebOojOezfg&amp;__tn__=*NK-R\" style=\"color: var(--blue-link); cursor: pointer; text-decoration-line: none; outline: none; list-style: none; margin: 0px; text-align: inherit; border-style: none; -webkit-tap-highlight-color: transparent; padding: 0px; border-width: 0px; box-sizing: border-box; touch-action: manipulation; background-color: transparent; display: inline; font-family: inherit;\" tabindex=\"0\">#triệt_l&ocirc;ng</a></span><span style=\"color:rgb(5, 5, 5); font-size:15px\"> </span><span style=\"color:rgb(5, 5, 5); font-size:15px\"><a class=\"x1i10hfl xjbqb8w x1ejq31n xd10rxx x1sy0etr x17r0tee x972fbf xcfux6l x1qhh985 xm0m39n x9f619 x1ypdohk xt0psk2 xe8uvvx xdj266r x11i5rnm xat24cr x1mh8g0r xexx8yu x4uap5 x18d9i69 xkhd6sd x16tdsg8 x1hl2dhg xggy1nq x1a2a7pz xt0b8zv x1fey0fg xo1l8bm\" href=\"https://www.facebook.com/hashtag/honghanhbeauty?__eep__=6&amp;__cft__[0]=AZVv2NcsF10NCqQSVn8BgRKmBUAWH7gZ6LP57IoNnxWMQaUK53uKIzzP5tBHW3dmiZJ-QzHf4zeDiMnhZv24VTM9Pcom9rBdNNQsMyc0-8aenYZBdfdTGLpoFg3SuF3N_akx_Z1f8NjU5-w1_fUUJCWVjseshhnA63obebOojOezfg&amp;__tn__=*NK-R\" style=\"color: var(--blue-link); cursor: pointer; text-decoration-line: none; outline: none; list-style: none; margin: 0px; text-align: inherit; border-style: none; -webkit-tap-highlight-color: transparent; padding: 0px; border-width: 0px; box-sizing: border-box; touch-action: manipulation; background-color: transparent; display: inline; font-family: inherit;\" tabindex=\"0\">#HongHanhbeauty</a></span><span style=\"color:rgb(5, 5, 5); font-size:15px\"> </span><span style=\"color:rgb(5, 5, 5); font-size:15px\"><a class=\"x1i10hfl xjbqb8w x1ejq31n xd10rxx x1sy0etr x17r0tee x972fbf xcfux6l x1qhh985 xm0m39n x9f619 x1ypdohk xt0psk2 xe8uvvx xdj266r x11i5rnm xat24cr x1mh8g0r xexx8yu x4uap5 x18d9i69 xkhd6sd x16tdsg8 x1hl2dhg xggy1nq x1a2a7pz xt0b8zv x1fey0fg xo1l8bm\" href=\"https://www.facebook.com/hashtag/diode?__eep__=6&amp;__cft__[0]=AZVv2NcsF10NCqQSVn8BgRKmBUAWH7gZ6LP57IoNnxWMQaUK53uKIzzP5tBHW3dmiZJ-QzHf4zeDiMnhZv24VTM9Pcom9rBdNNQsMyc0-8aenYZBdfdTGLpoFg3SuF3N_akx_Z1f8NjU5-w1_fUUJCWVjseshhnA63obebOojOezfg&amp;__tn__=*NK-R\" style=\"color: var(--blue-link); cursor: pointer; text-decoration-line: none; outline: none; list-style: none; margin: 0px; text-align: inherit; border-style: none; -webkit-tap-highlight-color: transparent; padding: 0px; border-width: 0px; box-sizing: border-box; touch-action: manipulation; background-color: transparent; display: inline; font-family: inherit;\" tabindex=\"0\">#diode</a></span><span style=\"color:rgb(5, 5, 5); font-size:15px\"> #</span></p>\r\n","Author":"","Source":"","Thumbnail":"2024/04/26/ads_2024-04-26-112344_260424-112344.png","CreateDate":"2024-04-26T10:32:00","LastModifyDate":"2024-04-26T10:32:50","Keyword":"","Channels":"11278","View":0,"Status":"0,1","Order":0,"TitleSEO":"","DescSEO":"","KeySEO":"","LinkSEO":"","FriendStr":"ads","IsPublic":1,"Rel":"","Price":0}}