﻿{"article":{"DescTEXT":"1 - Dịch vụ\r\n","ContentTEXT":"","PhotoList":["2024/05/03/1_2024-05-03-092224_030524-092224.png"],"PhotoEx":[],"onImg":true,"CateList":null,"CateTitle":"Giới thiệu dịch vụ","CateTitle2":"Giới thiệu dịch vụ","CateLink":"","CateID":"11269","CateID2":11269,"Thumbnail_web":"/Upload/image/2024/05/03/1_2024-05-03-092224_030524-092224.png","Date_web":"(27/04/2024)","LinktoMe":"/gioi-thieu-dich-vu/18-1540.aspx","ToMe":"/18-1540.aspx","ToMeOnly":"/18.aspx","ID":1540,"Title":"18","Desc":"<p>1 - Dịch vụ</p>\r\n","Content":"","Author":"","Source":"","Thumbnail":"2024/05/03/1_2024-05-03-092224_030524-092224.png","CreateDate":"2024-04-27T09:23:00","LastModifyDate":"2024-04-27T09:23:15","Keyword":"","Channels":"11269","View":0,"Status":"0,1","Order":0,"TitleSEO":"","DescSEO":"","KeySEO":"","LinkSEO":"","FriendStr":"18","IsPublic":1,"Rel":"","Price":0}}