﻿{"article":{"DescTEXT":"Bà Trương Diệu Thu sinh ra và lớn lên ở mảnh đất Miền Trung đầy nắng và gió. Sau khi tốt nghiệp Đại Học Kinh tế năm 2006, bà may mắn nhận được học bổng Toàn phần tại Đại Học Shute - Taiwan chuyên ngành MBA.\r\n","ContentTEXT":"Xây dựng trang cá nhân uy tín;4yvlSuL8kpc;00:02:30[]\r\n\r\nXác định Mục tiêu và tầm nhìn;KqGUU0ofcpw;00:10:30[]\r\n\r\nXây dựng chân dung khách hàng;ev2EwnnV3jw;00:12:00\r\n","PhotoList":["2024/05/04/xay-dung-he-thong-chuoi-spa-tham-my_2024-05-04-112242_040524-112242.png"],"PhotoEx":[],"onImg":true,"CateList":null,"CateTitle":"Bản thân","CateTitle2":"Bản thân","CateLink":"","CateID":"11292","CateID2":11292,"Thumbnail_web":"/Upload/image/2024/05/04/xay-dung-he-thong-chuoi-spa-tham-my_2024-05-04-112242_040524-112242.png","Date_web":"(04/05/2024)","LinktoMe":"/ban-than/xay-dung-he-thong-chuoi-spa-tham-my-1551.aspx","ToMe":"/xay-dung-he-thong-chuoi-spa-tham-my-1551.aspx","ToMeOnly":"/xay-dung-he-thong-chuoi-spa-tham-my.aspx","ID":1551,"Title":"Xây Dựng Hệ Thống Chuỗi SPA/Thẩm Mỹ","Desc":"<p>B&agrave; Trương Diệu Thu sinh ra v&agrave; lớn l&ecirc;n ở mảnh đất Miền Trung đầy nắng v&agrave; gi&oacute;. Sau khi tốt nghiệp Đại Học Kinh tế năm 2006, b&agrave; may mắn nhận được học bổng To&agrave;n phần tại Đại Học Shute - Taiwan chuy&ecirc;n ng&agrave;nh MBA.</p>\r\n","Content":"<p>X&acirc;y dựng trang c&aacute; nh&acirc;n uy t&iacute;n;4yvlSuL8kpc;00:02:30[]</p>\r\n\r\n<p>X&aacute;c định&nbsp;Mục ti&ecirc;u v&agrave; tầm nh&igrave;n;KqGUU0ofcpw;00:10:30[]</p>\r\n\r\n<p>X&acirc;y dựng ch&acirc;n dung kh&aacute;ch h&agrave;ng;ev2EwnnV3jw;00:12:00</p>\r\n","Author":"","Source":"","Thumbnail":"2024/05/04/xay-dung-he-thong-chuoi-spa-tham-my_2024-05-04-112242_040524-112242.png","CreateDate":"2024-05-04T11:17:00","LastModifyDate":"2024-05-04T11:17:13","Keyword":"","Channels":"11292","View":0,"Status":"0,1","Order":0,"TitleSEO":"","DescSEO":"","KeySEO":"","LinkSEO":"","FriendStr":"xay-dung-he-thong-chuoi-spa-tham-my","IsPublic":1,"Rel":"","Price":0}}