﻿{"article":{"DescTEXT":"3 - Dịch vụ\r\n","ContentTEXT":"","PhotoList":["2024/05/03/3_2024-05-03-092039_030524-092039.png"],"PhotoEx":[],"onImg":true,"CateList":null,"CateTitle":"Giới thiệu dịch vụ","CateTitle2":"Giới thiệu dịch vụ","CateLink":"","CateID":"11269","CateID2":11269,"Thumbnail_web":"/Upload/image/2024/05/03/3_2024-05-03-092039_030524-092039.png","Date_web":"(27/04/2024)","LinktoMe":"/gioi-thieu-dich-vu/16-1542.aspx","ToMe":"/16-1542.aspx","ToMeOnly":"/16.aspx","ID":1542,"Title":"16","Desc":"<p>3 - Dịch vụ</p>\r\n","Content":"","Author":"","Source":"","Thumbnail":"2024/05/03/3_2024-05-03-092039_030524-092039.png","CreateDate":"2024-04-27T09:25:00","LastModifyDate":"2024-04-27T09:25:38","Keyword":"","Channels":"11269","View":0,"Status":"0,1","Order":0,"TitleSEO":"","DescSEO":"","KeySEO":"","LinkSEO":"","FriendStr":"16","IsPublic":1,"Rel":"","Price":0}}