﻿{"article":{"DescTEXT":"1 -Sự kiện\r\n","ContentTEXT":"","PhotoList":["2024/04/27/28_2024-04-27-093458_270424-093458.png"],"PhotoEx":[],"onImg":true,"CateList":null,"CateTitle":"Sự kiện","CateTitle2":"Sự kiện","CateLink":"","CateID":"11271","CateID2":11271,"Thumbnail_web":"/Upload/image/2024/04/27/28_2024-04-27-093458_270424-093458.png","Date_web":"(27/04/2024)","LinktoMe":"/su-kien/22-1546.aspx","ToMe":"/22-1546.aspx","ToMeOnly":"/22.aspx","ID":1546,"Title":"22","Desc":"<p>1 -Sự kiện</p>\r\n","Content":"","Author":"","Source":"","Thumbnail":"2024/04/27/28_2024-04-27-093458_270424-093458.png","CreateDate":"2024-04-27T09:34:00","LastModifyDate":"2024-04-27T09:34:20","Keyword":"","Channels":"11271","View":0,"Status":"0,1","Order":0,"TitleSEO":"","DescSEO":"","KeySEO":"","LinkSEO":"","FriendStr":"22","IsPublic":1,"Rel":"","Price":0}}