﻿{"article":{"DescTEXT":"Có rất nhiều yếu tố để gia tăng tỉ lệ chốt sắp thành công. Nhưng 1 trong số các yếu tố đó là ….  \"Bối cảnh quan trọng hơn nội dung \"\r\n","ContentTEXT":"Nhận thấy một vấn đề: Hầu hết các spa quy mô nhỏ và vừa đều không có phòng tư vấn, khám da và chốt sales riêng, cũng không có nhân viên tư vấn riêng. Mà hầu hết các chủ spa sẽ tư vấn trực tiếp và bán hàng tại không gian phòng khách hoặc tư vấn trên giường trong phòng dịch vụ \r\n\r\n\r\n\r\nĐây là điểm mấu chốt để dẫn đến việc bán hàng không hiệu quả, tỉ lệ chốt sales thấp\r\nCó rất nhiều lý do cho việc bạn cần thiết phải có 1 không gian chốt sales riêng \r\nVà 1 trong số các vấn đề mấu chốt đó là:\r\n\r\n\r\n1. Hầu hết khách hàng mua hàng bằng cảm xúc “Khi cảm xúc lên cao thì lý trí đi xuống “\r\n\r\n2. Phòng riêng hoặc không gian riêng sẽ giúp Tập trung được tâm trí và cảm xúc của người nghe - dồn toàn bộ vào câu chuyện của mình. Không bị phân tán bởi các khách hàng khác và các hoạt động khác của spa tại phòng khách hay phòng dịch vụ. \r\n\r\n3. Giá của mỗi khách hàng “nên là “ khác nhau - để có thể linh động chốt tuỳ theo phân khúc tài chính và mong muốn mua hàng của khách hàng đó \r\n\r\n4.  Khách hàng nhận thấy sự chuyên nghiệp và quy mô của cơ sở - gia tăng niềm tin trong quá trình chốt. \r\n\r\n5.  Tiếng nhạc và mùi hương + bối cảnh set up trong phòng tư vấn cũng giúp củng cố và kích thích Việc ra quyết định của khách hàng \r\n\r\nVậy nên: Nếu không có phòng tư vấn riêng hãy cố gắng set up 1 không gian riêng trong cơ sở của mình nhé!\r\n \r\n","PhotoList":["2024/05/16/khong-gian-chot-sale_2024-05-16-095744_160524-095744.png","2024/05/16/2_2024-05-16-095849_160524-095849.png"],"PhotoEx":[{"ID":1897,"Table":"a","RowID":1515,"Title":"","Value":"2024/05/16/2_2024-05-16-095849_160524-095849.png","TypeValue":"image","BeginDate":null,"EndDate":null,"Rel":"","Order":1,"Link":"","Desc":""}],"onImg":true,"CateList":null,"CateTitle":"Quản lý - vận hành","CateTitle2":"Quản lý - vận hành","CateLink":"","CateID":"11280","CateID2":11280,"Thumbnail_web":"/Upload/image/2024/05/16/khong-gian-chot-sale_2024-05-16-095744_160524-095744.png","Date_web":"(10/04/2024)","LinktoMe":"/quan-ly-van-hanh/khong-gian-chot-sale-1515.aspx","ToMe":"/khong-gian-chot-sale-1515.aspx","ToMeOnly":"/khong-gian-chot-sale.aspx","ID":1515,"Title":"Không gian chốt Sale","Desc":"<p>C&oacute; rất nhiều yếu tố để gia tăng tỉ lệ chốt sắp th&agrave;nh c&ocirc;ng. Nhưng 1 trong số c&aacute;c yếu tố đ&oacute; l&agrave; &hellip;.&nbsp; &quot;Bối cảnh quan trọng hơn nội dung &quot;</p>\r\n","Content":"<p style=\"text-align: justify;\">Nhận thấy một vấn đề: Hầu hết c&aacute;c spa quy m&ocirc; nhỏ v&agrave; vừa đều kh&ocirc;ng c&oacute; ph&ograve;ng tư vấn, kh&aacute;m da v&agrave; chốt sales ri&ecirc;ng, cũng kh&ocirc;ng c&oacute; nh&acirc;n vi&ecirc;n tư vấn ri&ecirc;ng. M&agrave; hầu hết c&aacute;c chủ spa sẽ tư vấn trực tiếp v&agrave; b&aacute;n h&agrave;ng tại kh&ocirc;ng gian ph&ograve;ng kh&aacute;ch hoặc tư vấn tr&ecirc;n giường trong ph&ograve;ng dịch vụ&nbsp;</p>\r\n\r\n<p style=\"text-align: justify;\"><img alt=\"1\" src=\"/Upload/image/2024/05/16/2_2024-05-16-095915_160524-095915.png\" /><br />\r\n<br />\r\nĐ&acirc;y l&agrave; điểm mấu chốt để dẫn đến việc b&aacute;n h&agrave;ng kh&ocirc;ng hiệu quả, tỉ lệ chốt sales thấp<br />\r\nC&oacute; rất nhiều l&yacute; do cho việc bạn cần thiết phải c&oacute; 1 kh&ocirc;ng gian chốt sales ri&ecirc;ng&nbsp;<br />\r\nV&agrave; 1 trong số c&aacute;c vấn đề mấu chốt đ&oacute; l&agrave;:</p>\r\n\r\n<p style=\"text-align: justify;\"><br />\r\n1. Hầu hết kh&aacute;ch h&agrave;ng mua h&agrave;ng bằng cảm x&uacute;c&nbsp;&ldquo;Khi cảm x&uacute;c l&ecirc;n cao th&igrave; l&yacute; tr&iacute; đi xuống &ldquo;<br />\r\n<br />\r\n2. Ph&ograve;ng ri&ecirc;ng hoặc kh&ocirc;ng gian ri&ecirc;ng sẽ gi&uacute;p Tập trung được t&acirc;m tr&iacute; v&agrave; cảm x&uacute;c của người nghe - dồn to&agrave;n bộ v&agrave;o c&acirc;u chuyện của m&igrave;nh. Kh&ocirc;ng bị ph&acirc;n t&aacute;n bởi c&aacute;c kh&aacute;ch h&agrave;ng kh&aacute;c v&agrave; c&aacute;c hoạt động kh&aacute;c của spa tại ph&ograve;ng kh&aacute;ch hay ph&ograve;ng dịch vụ.&nbsp;<br />\r\n<br />\r\n3. Gi&aacute; của mỗi kh&aacute;ch h&agrave;ng &ldquo;n&ecirc;n l&agrave; &ldquo; kh&aacute;c nhau - để c&oacute; thể linh động chốt tuỳ theo ph&acirc;n kh&uacute;c t&agrave;i ch&iacute;nh v&agrave; mong muốn mua h&agrave;ng của kh&aacute;ch h&agrave;ng đ&oacute;&nbsp;<br />\r\n<br />\r\n4.&nbsp; Kh&aacute;ch h&agrave;ng nhận thấy sự chuy&ecirc;n nghiệp v&agrave; quy m&ocirc; của cơ sở - gia tăng niềm tin trong qu&aacute; tr&igrave;nh chốt.&nbsp;<br />\r\n<br />\r\n5.&nbsp; Tiếng nhạc v&agrave; m&ugrave;i hương + bối cảnh set up trong ph&ograve;ng tư vấn cũng gi&uacute;p củng cố v&agrave; k&iacute;ch th&iacute;ch Việc ra quyết định của kh&aacute;ch h&agrave;ng&nbsp;</p>\r\n\r\n<p style=\"text-align: justify;\"><em>Vậy n&ecirc;n: Nếu kh&ocirc;ng c&oacute; ph&ograve;ng tư vấn ri&ecirc;ng h&atilde;y cố gắng set up 1 kh&ocirc;ng gian ri&ecirc;ng trong cơ sở của m&igrave;nh nh&eacute;!</em><br />\r\n&nbsp;</p>\r\n","Author":"","Source":"","Thumbnail":"2024/05/16/khong-gian-chot-sale_2024-05-16-095744_160524-095744.png","CreateDate":"2024-04-10T09:27:00","LastModifyDate":"2024-04-10T09:27:32","Keyword":"","Channels":"11280","View":0,"Status":"0,1","Order":0,"TitleSEO":"","DescSEO":"","KeySEO":"","LinkSEO":"","FriendStr":"khong-gian-chot-sale","IsPublic":1,"Rel":"","Price":0}}