﻿{"article":{"DescTEXT":"6 - Trước sau\r\n","ContentTEXT":"","PhotoList":["2024/04/27/6-truoc-sau_2024-04-27-092258_270424-092258.png"],"PhotoEx":[],"onImg":true,"CateList":null,"CateTitle":"Hiệu quả trước sau","CateTitle2":"Hiệu quả trước sau","CateLink":"","CateID":"11267","CateID2":11267,"Thumbnail_web":"/Upload/image/2024/04/27/6-truoc-sau_2024-04-27-092258_270424-092258.png","Date_web":"(27/04/2024)","LinktoMe":"/hieu-qua-truoc-sau/15-1539.aspx","ToMe":"/15-1539.aspx","ToMeOnly":"/15.aspx","ID":1539,"Title":"15","Desc":"<p>6 - Trước sau</p>\r\n","Content":"","Author":"","Source":"","Thumbnail":"2024/04/27/6-truoc-sau_2024-04-27-092258_270424-092258.png","CreateDate":"2024-04-27T09:22:00","LastModifyDate":"2024-04-27T09:22:42","Keyword":"","Channels":"11267","View":0,"Status":"0,1","Order":0,"TitleSEO":"","DescSEO":"","KeySEO":"","LinkSEO":"","FriendStr":"15","IsPublic":1,"Rel":"","Price":0}}