﻿{"article":{"DescTEXT":"Tạo Minigame mở hộp quà (tên tiếng anh là Lucky Gift) là một cách thức để thu hút khách hàng tiềm năng cho doanh nghiệp của bạn rất hiệu quả. Và đặc biệt nếu kết hợp với chatbot viral thì sẽ tạo ra một sự bùng nổ khách hàng cực tốt. Ví như sau khi A hết lượt chơi thì sẽ xuất hiện hộp thoại để A chia sẻ cho B để cùng tham gia trò chơi quay nhận quà.\r\n","ContentTEXT":"– Mỗi khách hàng chỉ được tham gia một lần duy nhất. – Phần thưởng nhận được sẽ không áp dụng cùng lúc với những chương trình khuyến mãi khác tại nha khoa. – Khách hàng có thể chuyển phần thưởng cho người thân hoặc bạn bè. – Quà tặng không có giá trị cộng dồn và không quy đổi thành tiền mặt. – Thời gian diễn ra: Từ 01/04/2024 đến hết ngày 31/05/2024. – Thời gian sử dụng quà tặng: 30 ngày kể từ ngày trúng thưởng.\r\n","PhotoList":["2024/05/10/hop-qua-may-man_2024-05-10-163254_100524-043254.png"],"PhotoEx":[],"onImg":true,"CateList":null,"CateTitle":"Mini Game","CateTitle2":"Mini Game","CateLink":"","CateID":"11264","CateID2":11264,"Thumbnail_web":"/Upload/image/2024/05/10/hop-qua-may-man_2024-05-10-163254_100524-043254.png","Date_web":"(10/05/2024)","LinktoMe":"/mini-game/hop-qua-may-man-1556.aspx","ToMe":"/hop-qua-may-man-1556.aspx","ToMeOnly":"/hop-qua-may-man.aspx","ID":1556,"Title":"Hộp quà may mắn","Desc":"<p>Tạo Minigame mở hộp qu&agrave; (t&ecirc;n tiếng anh l&agrave; Lucky Gift) l&agrave; một c&aacute;ch thức để thu h&uacute;t kh&aacute;ch h&agrave;ng tiềm năng cho doanh nghiệp của bạn rất hiệu quả. V&agrave; đặc biệt nếu kết hợp với chatbot viral th&igrave; sẽ tạo ra một sự b&ugrave;ng nổ kh&aacute;ch h&agrave;ng cực tốt. V&iacute; như sau khi A hết lượt chơi th&igrave; sẽ xuất hiện hộp thoại để A chia sẻ cho B để c&ugrave;ng tham gia tr&ograve; chơi quay nhận qu&agrave;.</p>\r\n","Content":"<p>&ndash; Mỗi kh&aacute;ch h&agrave;ng chỉ được tham gia một lần duy nhất. &ndash; Phần thưởng nhận được sẽ kh&ocirc;ng &aacute;p dụng c&ugrave;ng l&uacute;c với những chương tr&igrave;nh khuyến m&atilde;i kh&aacute;c tại nha khoa. &ndash; Kh&aacute;ch h&agrave;ng c&oacute; thể chuyển phần thưởng cho người th&acirc;n hoặc bạn b&egrave;. &ndash; Qu&agrave; tặng kh&ocirc;ng c&oacute; gi&aacute; trị cộng dồn v&agrave; kh&ocirc;ng quy đổi th&agrave;nh tiền mặt. &ndash; Thời gian diễn ra: Từ 01/04/2024 đến hết ng&agrave;y 31/05/2024. &ndash; Thời gian sử dụng qu&agrave; tặng: 30 ng&agrave;y kể từ ng&agrave;y tr&uacute;ng thưởng.</p>\r\n","Author":"","Source":"","Thumbnail":"2024/05/10/hop-qua-may-man_2024-05-10-163254_100524-043254.png","CreateDate":"2024-05-10T04:13:00","LastModifyDate":"2024-05-10T16:13:49","Keyword":"","Channels":"11264","View":0,"Status":"0,1","Order":0,"TitleSEO":"","DescSEO":"","KeySEO":"","LinkSEO":"","FriendStr":"hop-qua-may-man","IsPublic":1,"Rel":"","Price":0}}