﻿{"article":{"DescTEXT":"1 - Sản phẩm\r\n","ContentTEXT":"","PhotoList":["2024/04/27/1-san-pham_2024-04-27-092645_270424-092645.png"],"PhotoEx":[],"onImg":true,"CateList":null,"CateTitle":"Giới thiệu sản phẩm","CateTitle2":"Giới thiệu sản phẩm","CateLink":"","CateID":"11270","CateID2":11270,"Thumbnail_web":"/Upload/image/2024/04/27/1-san-pham_2024-04-27-092645_270424-092645.png","Date_web":"(27/04/2024)","LinktoMe":"/gioi-thieu-san-pham/19-1543.aspx","ToMe":"/19-1543.aspx","ToMeOnly":"/19.aspx","ID":1543,"Title":"19","Desc":"<p>1 - Sản phẩm</p>\r\n","Content":"","Author":"","Source":"","Thumbnail":"2024/04/27/1-san-pham_2024-04-27-092645_270424-092645.png","CreateDate":"2024-04-27T09:26:00","LastModifyDate":"2024-04-27T09:26:31","Keyword":"","Channels":"11270","View":0,"Status":"0,1","Order":0,"TitleSEO":"","DescSEO":"","KeySEO":"","LinkSEO":"","FriendStr":"19","IsPublic":1,"Rel":"","Price":0}}