﻿{"article":{"DescTEXT":"Nếu bạn muốn tăng khách hàng,tăng doanh số bán hàng để Spa hay doanh nghiệp của bạn phát triển bền vững thì inbox với MP1 qua Facebook,Zalo,hoặc gọi trực tiếp. #duocmyphammp1 #chutichnguyennhung #ceomaithuyduong kinh doanh spa đào tạo spa học chăm sóc da\r\n","ContentTEXT":"","PhotoList":["2024/05/04/6-buoc-de-tro-thanh-tu-van-vien-spa-chuyen-nghiep_2024-05-04-112631_040524-112631.png"],"PhotoEx":[],"onImg":true,"CateList":null,"CateTitle":"Kỹ năng","CateTitle2":"Kỹ năng","CateLink":"","CateID":"11293","CateID2":11293,"Thumbnail_web":"/Upload/image/2024/05/04/6-buoc-de-tro-thanh-tu-van-vien-spa-chuyen-nghiep_2024-05-04-112631_040524-112631.png","Date_web":"(04/05/2024)","LinktoMe":"/ky-nang/6-buoc-de-tro-thanh-tu-van-vien-spa-chuyen-nghiep-1552.aspx","ToMe":"/6-buoc-de-tro-thanh-tu-van-vien-spa-chuyen-nghiep-1552.aspx","ToMeOnly":"/6-buoc-de-tro-thanh-tu-van-vien-spa-chuyen-nghiep.aspx","ID":1552,"Title":"6 Bước Để Trở Thành Tư Vấn Viên Spa Chuyên Nghiệp","Desc":"<p>Nếu bạn muốn tăng kh&aacute;ch h&agrave;ng,tăng doanh số b&aacute;n h&agrave;ng để Spa hay doanh nghiệp của bạn ph&aacute;t triển bền vững th&igrave; inbox với MP1 qua Facebook,Zalo,hoặc gọi trực tiếp. #duocmyphammp1 #chutichnguyennhung #ceomaithuyduong kinh doanh spa đ&agrave;o tạo spa học chăm s&oacute;c da</p>\r\n","Content":"","Author":"","Source":"","Thumbnail":"2024/05/04/6-buoc-de-tro-thanh-tu-van-vien-spa-chuyen-nghiep_2024-05-04-112631_040524-112631.png","CreateDate":"2024-05-04T11:25:00","LastModifyDate":"2024-05-04T11:25:49","Keyword":"","Channels":"11293","View":0,"Status":"0,1","Order":0,"TitleSEO":"","DescSEO":"","KeySEO":"","LinkSEO":"","FriendStr":"6-buoc-de-tro-thanh-tu-van-vien-spa-chuyen-nghiep","IsPublic":1,"Rel":"","Price":0}}