﻿{"article":{"DescTEXT":"Zoom kỹ vào từng tiểu tiết như quầng thâm mắt hay rãnh cười sẽ thấy điều kì diệu. Đừng so sánh với bất kỳ ai cả.\r\n","ContentTEXT":"Zoom kỹ vào từng tiểu tiết như quầng thâm mắt hay rãnh cười sẽ thấy điều kì diệu. Đừng so sánh với bất kỳ ai cả. Chỉ cần so sánh chính bản thân mình trước & sau khi thực hiện Thermage nâng cơ, xoá nhăn, trẻ hoá da xem khác biệt thế nào thôi \r\n","PhotoList":["2024/04/26/ad3_2024-04-26-113013_260424-113013.png","2024/04/26/nhu-the-nay-500-x-500-px-9_2024-04-26-113021_260424-113021.png"],"PhotoEx":[{"ID":1894,"Table":"a","RowID":1522,"Title":"","Value":"2024/04/26/nhu-the-nay-500-x-500-px-9_2024-04-26-113021_260424-113021.png","TypeValue":"image","BeginDate":null,"EndDate":null,"Rel":"","Order":1,"Link":"","Desc":""}],"onImg":true,"CateList":null,"CateTitle":"Ưu đãi - Flashsale","CateTitle2":"Ưu đãi - Flashsale","CateLink":"","CateID":"11278","CateID2":11278,"Thumbnail_web":"/Upload/image/2024/04/26/ad3_2024-04-26-113013_260424-113013.png","Date_web":"(26/04/2024)","LinktoMe":"/uu-dai-flashsale/ad3-1522.aspx","ToMe":"/ad3-1522.aspx","ToMeOnly":"/ad3.aspx","ID":1522,"Title":"Ad3","Desc":"<p>Zoom kỹ v&agrave;o từng tiểu tiết như quầng th&acirc;m mắt hay r&atilde;nh cười sẽ thấy điều k&igrave; diệu. Đừng so s&aacute;nh với bất kỳ ai cả.</p>\r\n","Content":"<p><span style=\"color:rgb(5, 5, 5); font-size:15px\">Zoom kỹ v&agrave;o từng tiểu tiết như quầng th&acirc;m mắt hay r&atilde;nh cười sẽ thấy điều k&igrave; diệu. Đừng so s&aacute;nh với bất kỳ ai cả. Chỉ cần so s&aacute;nh ch&iacute;nh bản th&acirc;n m&igrave;nh trước &amp; sau khi thực hiện Thermage n&acirc;ng cơ, xo&aacute; nhăn, trẻ ho&aacute; da xem kh&aacute;c biệt thế n&agrave;o th&ocirc;i </span></p>\r\n","Author":"","Source":"","Thumbnail":"2024/04/26/ad3_2024-04-26-113013_260424-113013.png","CreateDate":"2024-04-26T10:34:00","LastModifyDate":"2024-04-26T10:34:11","Keyword":"","Channels":"11278","View":0,"Status":"0,1","Order":0,"TitleSEO":"","DescSEO":"","KeySEO":"","LinkSEO":"","FriendStr":"ad3","IsPublic":1,"Rel":"","Price":0}}