﻿{"Cates":[{"ParentID":2,"Order":3,"Subs":[{"ParentID":11262,"Order":17,"Subs":[],"ID":11280,"Title":"Quản lý - vận hành","Desc":"","CreateDate":null},{"ParentID":11262,"Order":18,"Subs":[],"ID":11281,"Title":"Xử lý tình huống","Desc":"","CreateDate":null},{"ParentID":11262,"Order":19,"Subs":[],"ID":11282,"Title":"Tips Marketing ","Desc":"","CreateDate":null},{"ParentID":11262,"Order":20,"Subs":[],"ID":11283,"Title":"Tips chăm sóc khách hàng","Desc":"","CreateDate":null}],"ID":11262,"Title":"Tips hướng dẫn","Desc":"","CreateDate":null},{"ParentID":11262,"Order":17,"Subs":[],"ID":11280,"Title":"Quản lý - vận hành","Desc":"","CreateDate":null},{"ParentID":11262,"Order":18,"Subs":[],"ID":11281,"Title":"Xử lý tình huống","Desc":"","CreateDate":null},{"ParentID":11262,"Order":19,"Subs":[],"ID":11282,"Title":"Tips Marketing ","Desc":"","CreateDate":null},{"ParentID":11262,"Order":20,"Subs":[],"ID":11283,"Title":"Tips chăm sóc khách hàng","Desc":"","CreateDate":null}],"Articles":[{"Paths":[{"ID":11262,"Title":"Tips hướng dẫn"},{"ID":11280,"Title":"Quản lý - vận hành"}],"Price":0,"PhotoList":["2024/05/16/khong-gian-chot-sale_2024-05-16-095744_160524-095744.png","2024/05/16/2_2024-05-16-095849_160524-095849.png"],"ID":1515,"Title":"Không gian chốt Sale","Desc":"<p>C&oacute; rất nhiều yếu tố để gia tăng tỉ lệ chốt sắp th&agrave;nh c&ocirc;ng. Nhưng 1 trong số c&aacute;c yếu tố đ&oacute; l&agrave; &hellip;.&nbsp; &quot;Bối cảnh quan trọng hơn nội dung &quot;</p>\r\n","CreateDate":"2024-04-10T09:27:00"}]}