﻿{"Cates":[{"ParentID":2,"Order":5,"Subs":[],"ID":11264,"Title":"Mini Game","Desc":"","CreateDate":null}],"Articles":[{"Paths":[{"ID":11264,"Title":"Mini Game"}],"Price":0,"PhotoList":["2024/05/10/vong-quay-may-man_2024-05-10-160730_100524-040730.png","2024/05/10/2_2024-05-10-160732_100524-040732.png","2024/05/10/3_2024-05-10-160810_100524-040810.png"],"ID":1555,"Title":"Vòng quay may mắn","Desc":"<p>Để phục vụ cho việc quảng c&aacute;o ngo&agrave;i trời, trong c&aacute;c sự kiện tại c&aacute;c trung t&acirc;m thương mại người ta thường sử dụng v&ograve;ng quay tr&uacute;ng thưởng ...</p>\r\n","CreateDate":"2024-05-10T03:59:00"},{"Paths":[{"ID":11264,"Title":"Mini Game"}],"Price":0,"PhotoList":["2024/05/10/hop-qua-may-man_2024-05-10-163254_100524-043254.png"],"ID":1556,"Title":"Hộp quà may mắn","Desc":"<p>Tạo Minigame mở hộp qu&agrave; (t&ecirc;n tiếng anh l&agrave; Lucky Gift) l&agrave; một c&aacute;ch thức để thu h&uacute;t kh&aacute;ch h&agrave;ng tiềm năng cho doanh nghiệp của bạn rất hiệu quả. V&agrave; đặc biệt nếu kết hợp với chatbot viral th&igrave; sẽ tạo ra một sự b&ugrave;ng nổ kh&aacute;ch h&agrave;ng cực tốt. V&iacute; như sau khi A hết lượt chơi th&igrave; sẽ xuất hiện hộp thoại để A chia sẻ cho B để c&ugrave;ng tham gia tr&ograve; chơi quay nhận qu&agrave;.</p>\r\n","CreateDate":"2024-05-10T04:13:00"}]}