﻿{"article":{"DescTEXT":"Xây dựng thương hiệu là một trong những việc cần nếu muốn kéo khách về cho Spa. Thương hiệu quyết định sự tin tưởng khách hàng đối với Spa. Vậy cách xây dựng thương hiệu cho Spa như thế nào? Đặc biệt là với Spa mới?\r\n","ContentTEXT":"Xây dựng trang cá nhân uy tín;sFXnLqFD-Ds;00:02:30[]\r\n\r\nXác định Mục tiêu và tầm nhìn;DWyiDLxo3RQ;00:10:30[]\r\n\r\nXây dựng chân dung khách hàng;16jSc7L5_fc;00:12:00\r\n","PhotoList":["2024/05/04/xay-dung-thuong-hieu-ca-nhan-cho-chu-spa_2024-05-04-111708_040524-111708.png"],"PhotoEx":[],"onImg":true,"CateList":null,"CateTitle":"Bản thân","CateTitle2":"Bản thân","CateLink":"","CateID":"11292","CateID2":11292,"Thumbnail_web":"/Upload/image/2024/05/04/xay-dung-thuong-hieu-ca-nhan-cho-chu-spa_2024-05-04-111708_040524-111708.png","Date_web":"(27/04/2024)","LinktoMe":"/ban-than/xay-dung-thuong-hieu-ca-nhan-cho-chu-spa-1550.aspx","ToMe":"/xay-dung-thuong-hieu-ca-nhan-cho-chu-spa-1550.aspx","ToMeOnly":"/xay-dung-thuong-hieu-ca-nhan-cho-chu-spa.aspx","ID":1550,"Title":"Xây dựng thương hiệu cá nhân cho chủ spa","Desc":"<p>X&acirc;y dựng thương hiệu l&agrave; một trong những việc cần nếu muốn k&eacute;o kh&aacute;ch về cho Spa. Thương hiệu quyết định sự tin tưởng kh&aacute;ch h&agrave;ng đối với Spa. Vậy c&aacute;ch x&acirc;y dựng thương hiệu cho Spa như thế n&agrave;o? Đặc biệt l&agrave; với Spa mới?</p>\r\n","Content":"<p>X&acirc;y dựng trang c&aacute; nh&acirc;n uy t&iacute;n;sFXnLqFD-Ds;00:02:30[]</p>\r\n\r\n<p>X&aacute;c định&nbsp;Mục ti&ecirc;u v&agrave; tầm nh&igrave;n;DWyiDLxo3RQ;00:10:30[]</p>\r\n\r\n<p>X&acirc;y dựng ch&acirc;n dung kh&aacute;ch h&agrave;ng;16jSc7L5_fc;00:12:00</p>\r\n","Author":"","Source":"","Thumbnail":"2024/05/04/xay-dung-thuong-hieu-ca-nhan-cho-chu-spa_2024-05-04-111708_040524-111708.png","CreateDate":"2024-04-27T03:04:00","LastModifyDate":"2024-04-27T15:04:49","Keyword":"","Channels":"11292","View":0,"Status":"0,1","Order":0,"TitleSEO":"","DescSEO":"","KeySEO":"","LinkSEO":"","FriendStr":"xay-dung-thuong-hieu-ca-nhan-cho-chu-spa","IsPublic":1,"Rel":"","Price":0}}