﻿{"article":{"DescTEXT":"7 - Tin nhắn khuyến mại\r\n","ContentTEXT":"","PhotoList":["2024/04/27/7-tin-nhan-khuyen-mai_2024-04-27-091619_270424-091619.png"],"PhotoEx":[],"onImg":true,"CateList":null,"CateTitle":"Chương trình khuyến mại","CateTitle2":"Chương trình khuyến mại","CateLink":"","CateID":"11265","CateID2":11265,"Thumbnail_web":"/Upload/image/2024/04/27/7-tin-nhan-khuyen-mai_2024-04-27-091619_270424-091619.png","Date_web":"(27/04/2024)","LinktoMe":"/chuong-trinh-khuyen-mai/6-1530.aspx","ToMe":"/6-1530.aspx","ToMeOnly":"/6.aspx","ID":1530,"Title":"6","Desc":"<p>7 - Tin nhắn khuyến mại</p>\r\n","Content":"","Author":"","Source":"","Thumbnail":"2024/04/27/7-tin-nhan-khuyen-mai_2024-04-27-091619_270424-091619.png","CreateDate":"2024-04-27T09:11:00","LastModifyDate":"2024-04-27T09:11:10","Keyword":"","Channels":"11265","View":0,"Status":"0,1","Order":0,"TitleSEO":"","DescSEO":"","KeySEO":"","LinkSEO":"","FriendStr":"6","IsPublic":1,"Rel":"","Price":0}}