﻿{"article":{"DescTEXT":"Để phục vụ cho việc quảng cáo ngoài trời, trong các sự kiện tại các trung tâm thương mại người ta thường sử dụng vòng quay trúng thưởng ...\r\n","ContentTEXT":"Cách thức tham gia vô cùng đơn giản\r\n\r\nKhách hàng tham gia Minigame “Vòng quay may mắn - Nhận ngay voucher lên đến 500.000 đồng”, chỉ cần nhấp vào link https://fptshop.com.vn/smartwatch tìm đến icon vòng quay may mắn nhấp chuột và để lại thông tin trong box đăng ký thông tin để tham gia chương trình.\r\n\r\n\r\n\r\n- Voucher sẽ được gửi ngay đến tin nhắn ZNS Zalo của số điện thoại mà khách hàng đã đăng ký.\r\n\r\n- Voucher có thời gian sử dụng, sẽ hết hạn vào ngày 14/09/2023.\r\n\r\n- Khách hàng sử dụng mã voucher trúng thưởng để mua hàng đồng hồ thông minh đến từ các thương hiệu: Samsung, Xiaomi, Huawei, Masstel, Amazfit.\r\n\r\nMột số lưu ý khi tham gia chương trình\r\n\r\n- Mọi trường hợp khách hàng nhập sai số điện thoại khi đăng ký chơi FPT Shop sẽ không hỗ trợ việc đổi số điện thoại cũng như xác định trúng thưởng với các số này.\r\n\r\n- Voucher có thời gian sử dụng, hết hạn sẽ không có giá trị sử dụng.\r\n\r\n- Các kết quả chơi game có dấu hiệu gian lận, sử dụng công cụ tự động, can thiệp bằng các thao tác không chính thống FPT Shop có quyền xóa bỏ hoặc yêu cầu người chơi tới trụ sở công ty để xác minh kết quả.\r\n\r\n- Mỗi người chơi chỉ được dùng 1 số điện thoại để tham gia chơi game. Nếu phát hiện vi phạm có thể huỷ giải thưởng tại bất cứ thời điểm nào.\r\n","PhotoList":["2024/05/10/vong-quay-may-man_2024-05-10-160730_100524-040730.png","2024/05/10/2_2024-05-10-160732_100524-040732.png","2024/05/10/3_2024-05-10-160810_100524-040810.png"],"PhotoEx":[{"ID":1895,"Table":"a","RowID":1555,"Title":"","Value":"2024/05/10/2_2024-05-10-160732_100524-040732.png","TypeValue":"image","BeginDate":null,"EndDate":null,"Rel":"","Order":1,"Link":"","Desc":""},{"ID":1896,"Table":"a","RowID":1555,"Title":"","Value":"2024/05/10/3_2024-05-10-160810_100524-040810.png","TypeValue":"image","BeginDate":null,"EndDate":null,"Rel":"","Order":1,"Link":"","Desc":""}],"onImg":true,"CateList":null,"CateTitle":"Mini Game","CateTitle2":"Mini Game","CateLink":"","CateID":"11264","CateID2":11264,"Thumbnail_web":"/Upload/image/2024/05/10/vong-quay-may-man_2024-05-10-160730_100524-040730.png","Date_web":"(10/05/2024)","LinktoMe":"/mini-game/vong-quay-may-man-1555.aspx","ToMe":"/vong-quay-may-man-1555.aspx","ToMeOnly":"/vong-quay-may-man.aspx","ID":1555,"Title":"Vòng quay may mắn","Desc":"<p>Để phục vụ cho việc quảng c&aacute;o ngo&agrave;i trời, trong c&aacute;c sự kiện tại c&aacute;c trung t&acirc;m thương mại người ta thường sử dụng v&ograve;ng quay tr&uacute;ng thưởng ...</p>\r\n","Content":"<p>C&aacute;ch thức tham gia v&ocirc; c&ugrave;ng đơn giản</p>\r\n\r\n<p>Kh&aacute;ch h&agrave;ng tham gia Minigame &ldquo;V&ograve;ng quay may mắn - Nhận ngay voucher l&ecirc;n đến 500.000 đồng&rdquo;, chỉ cần nhấp v&agrave;o link https://fptshop.com.vn/smartwatch t&igrave;m đến icon v&ograve;ng quay may mắn nhấp chuột v&agrave; để lại th&ocirc;ng tin trong box đăng k&yacute; th&ocirc;ng tin để tham gia chương tr&igrave;nh.</p>\r\n\r\n<p style=\"text-align: center;\"><img alt=\"4\" src=\"/Upload/image/2024/05/10/4_2024-05-10-160958_100524-040958.png\" /></p>\r\n\r\n<p>- Voucher sẽ được gửi ngay đến tin nhắn ZNS Zalo của số điện thoại m&agrave; kh&aacute;ch h&agrave;ng đ&atilde; đăng k&yacute;.</p>\r\n\r\n<p>- Voucher c&oacute; thời gian sử dụng, sẽ hết hạn v&agrave;o ng&agrave;y 14/09/2023.</p>\r\n\r\n<p>- Kh&aacute;ch h&agrave;ng sử dụng m&atilde; voucher tr&uacute;ng thưởng để mua h&agrave;ng đồng hồ th&ocirc;ng minh đến từ c&aacute;c thương hiệu: Samsung, Xiaomi, Huawei, Masstel, Amazfit.</p>\r\n\r\n<p>Một số lưu &yacute; khi tham gia chương tr&igrave;nh</p>\r\n\r\n<p>- Mọi trường hợp kh&aacute;ch h&agrave;ng nhập sai số điện thoại khi đăng k&yacute; chơi FPT Shop sẽ kh&ocirc;ng hỗ trợ việc đổi số điện thoại cũng như x&aacute;c định tr&uacute;ng thưởng với c&aacute;c số n&agrave;y.</p>\r\n\r\n<p>- Voucher c&oacute; thời gian sử dụng, hết hạn sẽ kh&ocirc;ng c&oacute; gi&aacute; trị sử dụng.</p>\r\n\r\n<p>- C&aacute;c kết quả chơi game c&oacute; dấu hiệu gian lận, sử dụng c&ocirc;ng cụ tự động, can thiệp bằng c&aacute;c thao t&aacute;c kh&ocirc;ng ch&iacute;nh thống FPT Shop c&oacute; quyền x&oacute;a bỏ hoặc y&ecirc;u cầu người chơi tới trụ sở c&ocirc;ng ty để x&aacute;c minh kết quả.</p>\r\n\r\n<p>- Mỗi người chơi chỉ được d&ugrave;ng 1 số điện thoại để tham gia chơi game. Nếu ph&aacute;t hiện vi phạm c&oacute; thể huỷ giải thưởng tại bất cứ thời điểm n&agrave;o.</p>\r\n","Author":"","Source":"","Thumbnail":"2024/05/10/vong-quay-may-man_2024-05-10-160730_100524-040730.png","CreateDate":"2024-05-10T03:59:00","LastModifyDate":"2024-05-10T15:59:27","Keyword":"","Channels":"11264","View":0,"Status":"0,1","Order":0,"TitleSEO":"","DescSEO":"","KeySEO":"","LinkSEO":"","FriendStr":"vong-quay-may-man","IsPublic":1,"Rel":"","Price":0}}