﻿{"article":{"DescTEXT":"Thế giới đang thay đổi với tốc độ chóng mặt, và xu hướng công nghệ trong kinh doanh là một trong những yếu tố chính thúc đẩy sự thay đổi này. Các doanh nghiệp cần thích ứng và đổi mới để bắt kịp xu hướng kinh doanh năm 2024, nếu không muốn bị tụt hậu. Bài viết này sẽ chia sẻ một số bí quyết giúp bạn thành công trong thời đại công nghệ và không bỏ lỡ cơ hội kinh doanh 2024:\r\n","ContentTEXT":"","PhotoList":["2024/05/04/bat-kip-xu-huong-kinh-doanh-spa_2024-05-04-112706_040524-112706.png"],"PhotoEx":[],"onImg":true,"CateList":null,"CateTitle":"Chuyên môn","CateTitle2":"Chuyên môn","CateLink":"","CateID":"11294","CateID2":11294,"Thumbnail_web":"/Upload/image/2024/05/04/bat-kip-xu-huong-kinh-doanh-spa_2024-05-04-112706_040524-112706.png","Date_web":"(04/05/2024)","LinktoMe":"/chuyen-mon/bat-kip-xu-huong-kinh-doanh-spa-1553.aspx","ToMe":"/bat-kip-xu-huong-kinh-doanh-spa-1553.aspx","ToMeOnly":"/bat-kip-xu-huong-kinh-doanh-spa.aspx","ID":1553,"Title":"Bắt kịp xu hướng kinh doanh spa","Desc":"<p>Thế giới đang thay đổi với tốc độ ch&oacute;ng mặt, v&agrave; xu hướng c&ocirc;ng nghệ trong kinh doanh l&agrave; một trong những yếu tố ch&iacute;nh th&uacute;c đẩy sự thay đổi n&agrave;y. C&aacute;c doanh nghiệp cần th&iacute;ch ứng v&agrave; đổi mới để bắt kịp xu hướng kinh doanh năm 2024, nếu kh&ocirc;ng muốn bị tụt hậu. B&agrave;i viết n&agrave;y sẽ chia sẻ một số b&iacute; quyết gi&uacute;p bạn th&agrave;nh c&ocirc;ng trong thời đại c&ocirc;ng nghệ v&agrave; kh&ocirc;ng bỏ lỡ cơ hội kinh doanh 2024:</p>\r\n","Content":"","Author":"","Source":"","Thumbnail":"2024/05/04/bat-kip-xu-huong-kinh-doanh-spa_2024-05-04-112706_040524-112706.png","CreateDate":"2024-05-04T11:26:00","LastModifyDate":"2024-05-04T11:26:43","Keyword":"","Channels":"11294","View":0,"Status":"0,1","Order":0,"TitleSEO":"","DescSEO":"","KeySEO":"","LinkSEO":"","FriendStr":"bat-kip-xu-huong-kinh-doanh-spa","IsPublic":1,"Rel":"","Price":0}}