﻿{"article":{"DescTEXT":"aaaaaaaaa\r\n","ContentTEXT":"dsadada đá adasd sad saddsa asd ádsadas\r\n","PhotoList":["2024/05/04/khoa-hoc-an-cut-d_2024-05-04-154808_040524-034808.png"],"PhotoEx":[],"onImg":true,"CateList":null,"CateTitle":"Bản thân","CateTitle2":"Bản thân","CateLink":"","CateID":"11292","CateID2":11292,"Thumbnail_web":"/Upload/image/2024/05/04/khoa-hoc-an-cut-d_2024-05-04-154808_040524-034808.png","Date_web":"(04/05/2024)","LinktoMe":"/ban-than/khoa-hoc-an-cut-d-1554.aspx","ToMe":"/khoa-hoc-an-cut-d-1554.aspx","ToMeOnly":"/khoa-hoc-an-cut-d.aspx","ID":1554,"Title":"Khóa học ăn cứt :D","Desc":"<p>aaaaaaaaa</p>\r\n","Content":"<p>dsadada đ&aacute; adasd sad saddsa asd &aacute;dsadas</p>\r\n","Author":"","Source":"","Thumbnail":"2024/05/04/khoa-hoc-an-cut-d_2024-05-04-154808_040524-034808.png","CreateDate":"2024-05-04T03:47:00","LastModifyDate":"2024-05-04T15:47:40","Keyword":"","Channels":"11292","View":0,"Status":"0,1","Order":0,"TitleSEO":"","DescSEO":"","KeySEO":"","LinkSEO":"","FriendStr":"khoa-hoc-an-cut-d","IsPublic":1,"Rel":"","Price":0}}