﻿{"article":{"DescTEXT":"5 - Tin nhắn khuyến mại\r\n","ContentTEXT":"","PhotoList":["2024/04/27/5-tin-nhan-khuyen-mai_2024-04-27-091027_270424-091027.png"],"PhotoEx":[],"onImg":true,"CateList":null,"CateTitle":"Chương trình khuyến mại","CateTitle2":"Chương trình khuyến mại","CateLink":"","CateID":"11265","CateID2":11265,"Thumbnail_web":"/Upload/image/2024/04/27/5-tin-nhan-khuyen-mai_2024-04-27-091027_270424-091027.png","Date_web":"(27/04/2024)","LinktoMe":"/chuong-trinh-khuyen-mai/5-1529.aspx","ToMe":"/5-1529.aspx","ToMeOnly":"/5.aspx","ID":1529,"Title":"5","Desc":"<p>5 - Tin nhắn khuyến mại</p>\r\n","Content":"","Author":"","Source":"","Thumbnail":"2024/04/27/5-tin-nhan-khuyen-mai_2024-04-27-091027_270424-091027.png","CreateDate":"2024-04-27T09:10:00","LastModifyDate":"2024-04-27T09:10:19","Keyword":"","Channels":"11265","View":0,"Status":"0,1","Order":0,"TitleSEO":"","DescSEO":"","KeySEO":"","LinkSEO":"","FriendStr":"5","IsPublic":1,"Rel":"","Price":0}}