﻿{"Cates":[{"ParentID":2,"Order":4,"Subs":[{"ParentID":11263,"Order":26,"Subs":[],"ID":11292,"Title":"Bản thân","Desc":"","CreateDate":null},{"ParentID":11263,"Order":27,"Subs":[],"ID":11293,"Title":"Kỹ năng","Desc":"","CreateDate":null},{"ParentID":11263,"Order":28,"Subs":[],"ID":11294,"Title":"Chuyên môn","Desc":"","CreateDate":null}],"ID":11263,"Title":"Khóa đào tạo","Desc":"","CreateDate":null},{"ParentID":11263,"Order":26,"Subs":[],"ID":11292,"Title":"Bản thân","Desc":"","CreateDate":null},{"ParentID":11263,"Order":27,"Subs":[],"ID":11293,"Title":"Kỹ năng","Desc":"","CreateDate":null},{"ParentID":11263,"Order":28,"Subs":[],"ID":11294,"Title":"Chuyên môn","Desc":"","CreateDate":null}],"Articles":[{"Paths":[{"ID":11263,"Title":"Khóa đào tạo"},{"ID":11292,"Title":"Bản thân"}],"Price":0,"PhotoList":["2024/05/04/xay-dung-thuong-hieu-ca-nhan-cho-chu-spa_2024-05-04-111708_040524-111708.png"],"ID":1550,"Title":"Xây dựng thương hiệu cá nhân cho chủ spa","Desc":"<p>X&acirc;y dựng thương hiệu l&agrave; một trong những việc cần nếu muốn k&eacute;o kh&aacute;ch về cho Spa. Thương hiệu quyết định sự tin tưởng kh&aacute;ch h&agrave;ng đối với Spa. Vậy c&aacute;ch x&acirc;y dựng thương hiệu cho Spa như thế n&agrave;o? Đặc biệt l&agrave; với Spa mới?</p>\r\n","CreateDate":"2024-04-27T03:04:00"},{"Paths":[{"ID":11263,"Title":"Khóa đào tạo"},{"ID":11292,"Title":"Bản thân"}],"Price":0,"PhotoList":["2024/05/04/xay-dung-he-thong-chuoi-spa-tham-my_2024-05-04-112242_040524-112242.png"],"ID":1551,"Title":"Xây Dựng Hệ Thống Chuỗi SPA/Thẩm Mỹ","Desc":"<p>B&agrave; Trương Diệu Thu sinh ra v&agrave; lớn l&ecirc;n ở mảnh đất Miền Trung đầy nắng v&agrave; gi&oacute;. Sau khi tốt nghiệp Đại Học Kinh tế năm 2006, b&agrave; may mắn nhận được học bổng To&agrave;n phần tại Đại Học Shute - Taiwan chuy&ecirc;n ng&agrave;nh MBA.</p>\r\n","CreateDate":"2024-05-04T11:17:00"},{"Paths":[{"ID":11263,"Title":"Khóa đào tạo"},{"ID":11293,"Title":"Kỹ năng"}],"Price":0,"PhotoList":["2024/05/04/6-buoc-de-tro-thanh-tu-van-vien-spa-chuyen-nghiep_2024-05-04-112631_040524-112631.png"],"ID":1552,"Title":"6 Bước Để Trở Thành Tư Vấn Viên Spa Chuyên Nghiệp","Desc":"<p>Nếu bạn muốn tăng kh&aacute;ch h&agrave;ng,tăng doanh số b&aacute;n h&agrave;ng để Spa hay doanh nghiệp của bạn ph&aacute;t triển bền vững th&igrave; inbox với MP1 qua Facebook,Zalo,hoặc gọi trực tiếp. #duocmyphammp1 #chutichnguyennhung #ceomaithuyduong kinh doanh spa đ&agrave;o tạo spa học chăm s&oacute;c da</p>\r\n","CreateDate":"2024-05-04T11:25:00"},{"Paths":[{"ID":11263,"Title":"Khóa đào tạo"},{"ID":11294,"Title":"Chuyên môn"}],"Price":0,"PhotoList":["2024/05/04/bat-kip-xu-huong-kinh-doanh-spa_2024-05-04-112706_040524-112706.png"],"ID":1553,"Title":"Bắt kịp xu hướng kinh doanh spa","Desc":"<p>Thế giới đang thay đổi với tốc độ ch&oacute;ng mặt, v&agrave; xu hướng c&ocirc;ng nghệ trong kinh doanh l&agrave; một trong những yếu tố ch&iacute;nh th&uacute;c đẩy sự thay đổi n&agrave;y. C&aacute;c doanh nghiệp cần th&iacute;ch ứng v&agrave; đổi mới để bắt kịp xu hướng kinh doanh năm 2024, nếu kh&ocirc;ng muốn bị tụt hậu. B&agrave;i viết n&agrave;y sẽ chia sẻ một số b&iacute; quyết gi&uacute;p bạn th&agrave;nh c&ocirc;ng trong thời đại c&ocirc;ng nghệ v&agrave; kh&ocirc;ng bỏ lỡ cơ hội kinh doanh 2024:</p>\r\n","CreateDate":"2024-05-04T11:26:00"},{"Paths":[{"ID":11263,"Title":"Khóa đào tạo"},{"ID":11292,"Title":"Bản thân"}],"Price":0,"PhotoList":["2024/05/04/khoa-hoc-an-cut-d_2024-05-04-154808_040524-034808.png"],"ID":1554,"Title":"Khóa học ăn cứt :D","Desc":"<p>aaaaaaaaa</p>\r\n","CreateDate":"2024-05-04T03:47:00"}]}