﻿{"article":{"DescTEXT":"Hiếm khi được nhắc đến nên nhiều chị em lại nghĩ nhà Lamm không còn phân phối các sản phẩm của BR nữa rồi. Thật ra thì hãng lúc nào cũng khan hàng, về đến đâu là khách ruột rinh ngay về đến đấy nên Linh dù không đăng ảnh nhiều nhưng lúc nào Lamm Beauty cũng lọt top đại lý xuất sắc nhất của hãng. Chờ xem sắp tới đây Biologique Recherche sẽ tài trợ cho không gian mới của Lamm Beauty như thế nào nha 🫶🏻🫶🏻\r\n","ContentTEXT":"Hiếm khi được nhắc đến nên nhiều chị em lại nghĩ nhà [tenspa_content] không còn phân phối các sản phẩm của BR nữa rồi. Thật ra thì hãng lúc nào cũng khan hàng, về đến đâu là khách ruột rinh ngay về đến đấy nên Linh dù không đăng ảnh nhiều nhưng lúc nào Lamm Beauty cũng lọt top đại lý xuất sắc nhất của hãng. Chờ xem sắp tới đây Biologique Recherche sẽ tài trợ cho không gian mới của Lamm Beauty tại  [diachi_content] như thế nào nha 🫶🏻🫶🏻\r\n\r\nTrả lại cho mẹ 10 năm thanh xuân chỉ sau 2 giờ đồng hồ với liệu trình Thermage. Những dấu vết thời gian như bọng mắt  [dienthoai_content], nếp nhăn, rãnh mũi má, nọng cằm… tuy không thể tốc chiến tốc thắng mà xoá sạch chỉ sau 1 buổi, nhưng rõ ràng đã cải thiện hơn rất nhiều. Khả đàn hồi tự nhiên của da được kích hoạt khiến các vùng da chảy xệ, chùng nhão ngay lập tức săn lại. Đó là những thay đổi mà chúng ta có thể nhìn thấy rõ ràng ngay sau khi thực hiện, nhưng trong vòng 2 tháng sau đó collagen & elastine dưới da vẫn tiếp tục tăng sinh mạnh mẽ, thế mới có câu Thermage càng để lâu càng đẹp.\r\n\r\nMình không thể chống lại thời gian, nhưng có thể già đi một cách duyên dáng, làm bạn với một quá trình lão hoá tự nhiên thay vì ám ảnh đi ngược nó. Phụ nữ ai cũng sợ xấu, sợ già nhưng với Thermage thì có gì phải lo lắng nữa đâu 💜💜\r\n\r\n[footer_content]\r\n","PhotoList":["2024/04/26/ads1_2024-04-26-112009_260424-112009.png","2024/04/26/a1_2024-04-26-112103_260424-112103.png","2024/04/26/3_2024-04-26-112107_260424-112108.png"],"PhotoEx":[{"ID":1886,"Table":"a","RowID":1520,"Title":"","Value":"2024/04/26/a1_2024-04-26-112103_260424-112103.png","TypeValue":"image","BeginDate":null,"EndDate":null,"Rel":"","Order":1,"Link":"","Desc":""},{"ID":1887,"Table":"a","RowID":1520,"Title":"","Value":"2024/04/26/3_2024-04-26-112107_260424-112108.png","TypeValue":"image","BeginDate":null,"EndDate":null,"Rel":"","Order":1,"Link":"","Desc":""}],"onImg":true,"CateList":null,"CateTitle":"Ưu đãi - Flashsale","CateTitle2":"Ưu đãi - Flashsale","CateLink":"","CateID":"11278","CateID2":11278,"Thumbnail_web":"/Upload/image/2024/04/26/ads1_2024-04-26-112009_260424-112009.png","Date_web":"(25/04/2024)","LinktoMe":"/uu-dai-flashsale/ads1-1520.aspx","ToMe":"/ads1-1520.aspx","ToMeOnly":"/ads1.aspx","ID":1520,"Title":"Ads1","Desc":"<p>Hiếm khi được nhắc đến n&ecirc;n nhiều chị em lại nghĩ nh&agrave; Lamm kh&ocirc;ng c&ograve;n ph&acirc;n phối c&aacute;c sản phẩm của BR nữa rồi. Thật ra th&igrave; h&atilde;ng l&uacute;c n&agrave;o cũng khan h&agrave;ng, về đến đ&acirc;u l&agrave; kh&aacute;ch ruột rinh ngay về đến đấy n&ecirc;n Linh d&ugrave; kh&ocirc;ng đăng ảnh nhiều nhưng l&uacute;c n&agrave;o Lamm Beauty cũng lọt top đại l&yacute; xuất sắc nhất của h&atilde;ng. Chờ xem sắp tới đ&acirc;y Biologique Recherche sẽ t&agrave;i trợ cho kh&ocirc;ng gian mới của Lamm Beauty như thế n&agrave;o nha 🫶🏻🫶🏻</p>\r\n","Content":"<p>Hiếm khi được nhắc đến n&ecirc;n nhiều chị em lại nghĩ nh&agrave; [tenspa_content]&nbsp;kh&ocirc;ng c&ograve;n ph&acirc;n phối c&aacute;c sản phẩm của BR nữa rồi. Thật ra th&igrave; h&atilde;ng l&uacute;c n&agrave;o cũng khan h&agrave;ng, về đến đ&acirc;u l&agrave; kh&aacute;ch ruột rinh ngay về đến đấy n&ecirc;n Linh d&ugrave; kh&ocirc;ng đăng ảnh nhiều nhưng l&uacute;c n&agrave;o Lamm Beauty cũng lọt top đại l&yacute; xuất sắc nhất của h&atilde;ng. Chờ xem sắp tới đ&acirc;y Biologique Recherche sẽ t&agrave;i trợ cho kh&ocirc;ng gian mới của Lamm Beauty tại &nbsp;[diachi_content] như thế n&agrave;o nha 🫶🏻🫶🏻<br />\r\n<br />\r\nTrả lại cho mẹ 10 năm thanh xu&acirc;n chỉ sau 2 giờ đồng hồ với liệu tr&igrave;nh Thermage. Những dấu vết thời gian như bọng mắt &nbsp;[dienthoai_content], nếp nhăn, r&atilde;nh mũi m&aacute;, nọng cằm&hellip; tuy kh&ocirc;ng thể tốc chiến tốc thắng m&agrave; xo&aacute; sạch chỉ sau 1 buổi, nhưng r&otilde; r&agrave;ng đ&atilde; cải thiện hơn rất nhiều. Khả đ&agrave;n hồi tự nhi&ecirc;n của da được k&iacute;ch hoạt khiến c&aacute;c v&ugrave;ng da chảy xệ, ch&ugrave;ng nh&atilde;o ngay lập tức săn lại. Đ&oacute; l&agrave; những thay đổi m&agrave; ch&uacute;ng ta c&oacute; thể nh&igrave;n thấy r&otilde; r&agrave;ng ngay sau khi thực hiện, nhưng trong v&ograve;ng 2 th&aacute;ng sau đ&oacute; collagen &amp; elastine dưới da vẫn tiếp tục tăng sinh mạnh mẽ, thế mới c&oacute; c&acirc;u Thermage c&agrave;ng để l&acirc;u c&agrave;ng đẹp.</p>\r\n\r\n<p>M&igrave;nh kh&ocirc;ng thể chống lại thời gian, nhưng c&oacute; thể gi&agrave; đi một c&aacute;ch duy&ecirc;n d&aacute;ng, l&agrave;m bạn với một qu&aacute; tr&igrave;nh l&atilde;o ho&aacute; tự nhi&ecirc;n thay v&igrave; &aacute;m ảnh đi ngược n&oacute;. Phụ nữ ai cũng sợ xấu, sợ gi&agrave; nhưng với Thermage th&igrave; c&oacute; g&igrave; phải lo lắng nữa đ&acirc;u 💜💜</p>\r\n\r\n<p>[footer_content]</p>\r\n","Author":"","Source":"","Thumbnail":"2024/04/26/ads1_2024-04-26-112009_260424-112009.png","CreateDate":"2024-04-25T03:35:00","LastModifyDate":"2024-04-25T15:35:54","Keyword":"","Channels":"11278","View":0,"Status":"0,1","Order":0,"TitleSEO":"","DescSEO":"","KeySEO":"","LinkSEO":"","FriendStr":"ads1","IsPublic":1,"Rel":"","Price":0}}