﻿{"article":{"DescTEXT":"2 - Dịch vụ \r\n","ContentTEXT":"","PhotoList":["2024/04/27/2-dich-vu_2024-04-27-092525_270424-092525.png"],"PhotoEx":[],"onImg":true,"CateList":null,"CateTitle":"Giới thiệu dịch vụ","CateTitle2":"Giới thiệu dịch vụ","CateLink":"","CateID":"11269","CateID2":11269,"Thumbnail_web":"/Upload/image/2024/04/27/2-dich-vu_2024-04-27-092525_270424-092525.png","Date_web":"(27/04/2024)","LinktoMe":"/gioi-thieu-dich-vu/17-1541.aspx","ToMe":"/17-1541.aspx","ToMeOnly":"/17.aspx","ID":1541,"Title":"17","Desc":"<p>2 - Dịch vụ&nbsp;</p>\r\n","Content":"","Author":"","Source":"","Thumbnail":"2024/04/27/2-dich-vu_2024-04-27-092525_270424-092525.png","CreateDate":"2024-04-27T09:25:00","LastModifyDate":"2024-04-27T09:25:02","Keyword":"","Channels":"11269","View":0,"Status":"0,1","Order":0,"TitleSEO":"","DescSEO":"","KeySEO":"","LinkSEO":"","FriendStr":"17","IsPublic":1,"Rel":"","Price":0}}