﻿{"article":{"DescTEXT":"3 - Trước sau\r\n","ContentTEXT":"","PhotoList":["2024/04/27/3-truoc-sau_2024-04-27-092052_270424-092052.png"],"PhotoEx":[],"onImg":true,"CateList":null,"CateTitle":"Hiệu quả trước sau","CateTitle2":"Hiệu quả trước sau","CateLink":"","CateID":"11267","CateID2":11267,"Thumbnail_web":"/Upload/image/2024/04/27/3-truoc-sau_2024-04-27-092052_270424-092052.png","Date_web":"(27/04/2024)","LinktoMe":"/hieu-qua-truoc-sau/12-1536.aspx","ToMe":"/12-1536.aspx","ToMeOnly":"/12.aspx","ID":1536,"Title":"12","Desc":"<p>3 - Trước sau</p>\r\n","Content":"","Author":"","Source":"","Thumbnail":"2024/04/27/3-truoc-sau_2024-04-27-092052_270424-092052.png","CreateDate":"2024-04-27T09:20:00","LastModifyDate":"2024-04-27T09:20:41","Keyword":"","Channels":"11267","View":0,"Status":"0,1","Order":0,"TitleSEO":"","DescSEO":"","KeySEO":"","LinkSEO":"","FriendStr":"12","IsPublic":1,"Rel":"","Price":0}}