﻿{"article":{"DescTEXT":"3 - Tin nhán khuyến mại\r\n","ContentTEXT":"","PhotoList":["2024/04/27/3-tin-nhan-khuyen-mai_2024-04-27-090819_270424-090819.png"],"PhotoEx":[],"onImg":true,"CateList":null,"CateTitle":"Chương trình khuyến mại","CateTitle2":"Chương trình khuyến mại","CateLink":"","CateID":"11265","CateID2":11265,"Thumbnail_web":"/Upload/image/2024/04/27/3-tin-nhan-khuyen-mai_2024-04-27-090819_270424-090819.png","Date_web":"(27/04/2024)","LinktoMe":"/chuong-trinh-khuyen-mai/3-1527.aspx","ToMe":"/3-1527.aspx","ToMeOnly":"/3.aspx","ID":1527,"Title":"3","Desc":"<p>3 - Tin nh&aacute;n khuyến mại</p>\r\n","Content":"","Author":"","Source":"","Thumbnail":"2024/04/27/3-tin-nhan-khuyen-mai_2024-04-27-090819_270424-090819.png","CreateDate":"2024-04-27T09:08:00","LastModifyDate":"2024-04-27T09:08:07","Keyword":"","Channels":"11265","View":0,"Status":"0,1","Order":0,"TitleSEO":"","DescSEO":"","KeySEO":"","LinkSEO":"","FriendStr":"3","IsPublic":1,"Rel":"","Price":0}}