﻿{"Cates":[{"ParentID":2,"Order":2,"Subs":[{"ParentID":11261,"Order":0,"Subs":[],"ID":11278,"Title":"Ưu đãi - Flashsale","Desc":"","CreateDate":null},{"ParentID":11261,"Order":14,"Subs":[],"ID":11273,"Title":"Chủ spa chia sẻ","Desc":"","CreateDate":null},{"ParentID":11261,"Order":15,"Subs":[],"ID":11274,"Title":"Khách hàng feedback","Desc":"","CreateDate":null},{"ParentID":11261,"Order":16,"Subs":[{"ParentID":11275,"Order":21,"Subs":[],"ID":11284,"Title":"Giam beo","Desc":"","CreateDate":null},{"ParentID":11275,"Order":22,"Subs":[],"ID":11285,"Title":"triet long","Desc":"","CreateDate":null},{"ParentID":11275,"Order":23,"Subs":[],"ID":11286,"Title":"chăm sóc da","Desc":"","CreateDate":null}],"ID":11275,"Title":"Dich vu spa","Desc":"","CreateDate":null},{"ParentID":11261,"Order":24,"Subs":[{"ParentID":11290,"Order":25,"Subs":[],"ID":11291,"Title":"Nâng ngực","Desc":"","CreateDate":null}],"ID":11290,"Title":"dich vu tham my","Desc":"","CreateDate":null}],"ID":11261,"Title":"Nội dung chia sẻ ","Desc":"","CreateDate":null},{"ParentID":11261,"Order":0,"Subs":[],"ID":11278,"Title":"Ưu đãi - Flashsale","Desc":"","CreateDate":null},{"ParentID":11261,"Order":14,"Subs":[],"ID":11273,"Title":"Chủ spa chia sẻ","Desc":"","CreateDate":null},{"ParentID":11261,"Order":15,"Subs":[],"ID":11274,"Title":"Khách hàng feedback","Desc":"","CreateDate":null},{"ParentID":11261,"Order":16,"Subs":[{"ParentID":11275,"Order":21,"Subs":[],"ID":11284,"Title":"Giam beo","Desc":"","CreateDate":null},{"ParentID":11275,"Order":22,"Subs":[],"ID":11285,"Title":"triet long","Desc":"","CreateDate":null},{"ParentID":11275,"Order":23,"Subs":[],"ID":11286,"Title":"chăm sóc da","Desc":"","CreateDate":null}],"ID":11275,"Title":"Dich vu spa","Desc":"","CreateDate":null},{"ParentID":11261,"Order":24,"Subs":[{"ParentID":11290,"Order":25,"Subs":[],"ID":11291,"Title":"Nâng ngực","Desc":"","CreateDate":null}],"ID":11290,"Title":"dich vu tham my","Desc":"","CreateDate":null}],"Articles":[{"Paths":[{"ID":11261,"Title":"Nội dung chia sẻ "},{"ID":11278,"Title":"Ưu đãi - Flashsale"}],"Price":0,"PhotoList":["2024/04/26/ads1_2024-04-26-112009_260424-112009.png","2024/04/26/a1_2024-04-26-112103_260424-112103.png","2024/04/26/3_2024-04-26-112107_260424-112108.png"],"ID":1520,"Title":"Ads1","Desc":"<p>Hiếm khi được nhắc đến n&ecirc;n nhiều chị em lại nghĩ nh&agrave; Lamm kh&ocirc;ng c&ograve;n ph&acirc;n phối c&aacute;c sản phẩm của BR nữa rồi. Thật ra th&igrave; h&atilde;ng l&uacute;c n&agrave;o cũng khan h&agrave;ng, về đến đ&acirc;u l&agrave; kh&aacute;ch ruột rinh ngay về đến đấy n&ecirc;n Linh d&ugrave; kh&ocirc;ng đăng ảnh nhiều nhưng l&uacute;c n&agrave;o Lamm Beauty cũng lọt top đại l&yacute; xuất sắc nhất của h&atilde;ng. Chờ xem sắp tới đ&acirc;y Biologique Recherche sẽ t&agrave;i trợ cho kh&ocirc;ng gian mới của Lamm Beauty như thế n&agrave;o nha 🫶🏻🫶🏻</p>\r\n","CreateDate":"2024-04-25T03:35:00"},{"Paths":[{"ID":11261,"Title":"Nội dung chia sẻ "},{"ID":11278,"Title":"Ưu đãi - Flashsale"}],"Price":0,"PhotoList":["2024/04/26/ads_2024-04-26-112344_260424-112344.png","2024/04/26/1_2024-04-26-112600_260424-112601.png","2024/04/26/3_2024-04-26-112600_260424-112601.png","2024/04/26/2_2024-04-26-112600_260424-112601.png","2024/04/26/4_2024-04-26-112600_260424-112601.png"],"ID":1521,"Title":"Ads","Desc":"<p>Đi triệt l&ocirc;ng để đ&oacute;n h&egrave; th&ocirc;i n&agrave;ng ơi 😍. CN triệt l&ocirc;ng Laser diode đầu lạnh nh&agrave; HH cam kết ko n&oacute;ng, ko đau, ko r&aacute;t x&iacute;u n&agrave;o nha, xịn x&ograve; lắm lun. #triệt_l&ocirc;ng #HongHanhbeauty #diode #</p>\r\n","CreateDate":"2024-04-26T10:32:00"},{"Paths":[{"ID":11261,"Title":"Nội dung chia sẻ "},{"ID":11278,"Title":"Ưu đãi - Flashsale"}],"Price":0,"PhotoList":["2024/04/26/ad3_2024-04-26-113013_260424-113013.png","2024/04/26/nhu-the-nay-500-x-500-px-9_2024-04-26-113021_260424-113021.png"],"ID":1522,"Title":"Ad3","Desc":"<p>Zoom kỹ v&agrave;o từng tiểu tiết như quầng th&acirc;m mắt hay r&atilde;nh cười sẽ thấy điều k&igrave; diệu. Đừng so s&aacute;nh với bất kỳ ai cả.</p>\r\n","CreateDate":"2024-04-26T10:34:00"},{"Paths":[{"ID":11261,"Title":"Nội dung chia sẻ "},{"ID":11278,"Title":"Ưu đãi - Flashsale"}],"Price":0,"PhotoList":["2024/04/26/ads4_2024-04-26-112948_260424-112948.png","2024/04/26/nhu-the-nay-500-x-500-px-7_2024-04-26-112952_260424-112952.png"],"ID":1523,"Title":"ads4","Desc":"<p>Một trong những &ldquo;biến thể&rdquo; được y&ecirc;u th&iacute;ch của liệu tr&igrave;nh Điện di tinh chất - ch&iacute;nh l&agrave; liệu tr&igrave;nh Điện di lạnh tế b&agrave;o gốc. Hoạt chất được sử dụng, thay v&igrave; l&agrave; HA/Collagen/Tea Tree/Vitamin C, sẽ l&agrave; tế b&agrave;o gốc &ndash; c&aacute;i t&ecirc;n bảo chứng cho hiệu quả chăm s&oacute;c da vượt trội.</p>\r\n","CreateDate":"2024-04-26T10:36:00"},{"Paths":[{"ID":11261,"Title":"Nội dung chia sẻ "},{"ID":11278,"Title":"Ưu đãi - Flashsale"}],"Price":0,"PhotoList":["2024/04/26/ads5_2024-04-26-112920_260424-112920.png","2024/04/26/nhu-the-nay-500-x-500-px-32_2024-04-26-112930_260424-112930.png"],"ID":1524,"Title":"ads5","Desc":"<p>Sẽ c&oacute; những ng&agrave;y bạn thấy da mỏi mệt, cảm gi&aacute;c mọi thứ đều sai, đến mức chẳng buồn 7749 bước skincare như mọi bữa. L&uacute;c n&agrave;y, bạn c&oacute; thể nghĩ đến liệu tr&igrave;nh Điện di lạnh tế b&agrave;o gốc như một phương ph&aacute;p &ldquo;cấp cứu&rdquo; cho l&agrave;n da.</p>\r\n","CreateDate":"2024-04-26T10:37:00"}]}