﻿{"article":{"DescTEXT":"2 - Trước sau\r\n","ContentTEXT":"","PhotoList":["2024/04/27/2-truoc-sau_2024-04-27-092009_270424-092009.png"],"PhotoEx":[],"onImg":true,"CateList":null,"CateTitle":"Hiệu quả trước sau","CateTitle2":"Hiệu quả trước sau","CateLink":"","CateID":"11267","CateID2":11267,"Thumbnail_web":"/Upload/image/2024/04/27/2-truoc-sau_2024-04-27-092009_270424-092009.png","Date_web":"(27/04/2024)","LinktoMe":"/hieu-qua-truoc-sau/11-1535.aspx","ToMe":"/11-1535.aspx","ToMeOnly":"/11.aspx","ID":1535,"Title":"11","Desc":"<p>2 - Trước sau</p>\r\n","Content":"","Author":"","Source":"","Thumbnail":"2024/04/27/2-truoc-sau_2024-04-27-092009_270424-092009.png","CreateDate":"2024-04-27T09:19:00","LastModifyDate":"2024-04-27T09:19:39","Keyword":"","Channels":"11267","View":0,"Status":"0,1","Order":0,"TitleSEO":"","DescSEO":"","KeySEO":"","LinkSEO":"","FriendStr":"11","IsPublic":1,"Rel":"","Price":0}}